SampleID	BarcodeSequence	Soil	Region	Soilfoodweb	Soil_Soilfoodweb	Soil_Region	Soilfoodweb_Region	Soil_Region_Soilfoodweb	Population	Population2	Origin	Replicate	Sample	SampleID	RG	Code	Shape	sample_ID
baF5Rep1	TCCGTGGTAT	Muck	East	Degraded	MuckDegraded	MuckEast	DegradedEast	MuckEastDegraded	Field5	5	Field	1	Worm	baF5Rep1	East	East_Muck	15	baF5Rep1
baF5Rep2	AGTTGTAGTC	Muck	East	Degraded	MuckDegraded	MuckEast	DegradedEast	MuckEastDegraded	Field5	5	Field	2	Worm	baF5Rep2	East	East_Muck	15	baF5Rep2
baF5Rep3	CTTGTCTGGA	Muck	East	Degraded	MuckDegraded	MuckEast	DegradedEast	MuckEastDegraded	Field5	5	Field	3	Worm	baF5Rep3	East	East_Muck	15	baF5Rep3
baF5Rep4	TCTACGGCAC	Muck	East	Degraded	MuckDegraded	MuckEast	DegradedEast	MuckEastDegraded	Field5	5	Field	4	Worm	baF5Rep4	East	East_Muck	15	baF5Rep4
baF5Rep5	CACGAGCTAC	Muck	East	Degraded	MuckDegraded	MuckEast	DegradedEast	MuckEastDegraded	Field5	5	Field	5	Worm	baF5Rep5	East	East_Muck	15	baF5Rep5
baF10Rep1	ACCTACTTGT	Muck	Southwest	Disturbed	MuckDisturbed	MuckSouthwest	DisturbedSouthwest	MuckSouthwestDisturbed	Field10	10	Field	1	Worm	baF10Rep1	SW	SW_Muck	17	baF10Rep1
baF10Rep2	ACTGGATCTC	Muck	Southwest	Disturbed	MuckDisturbed	MuckSouthwest	DisturbedSouthwest	MuckSouthwestDisturbed	Field10	10	Field	2	Worm	baF10Rep2	SW	SW_Muck	17	baF10Rep2
baF10Rep3	TCAAGGGACC	Muck	Southwest	Disturbed	MuckDisturbed	MuckSouthwest	DisturbedSouthwest	MuckSouthwestDisturbed	Field10	10	Field	3	Worm	baF10Rep3	SW	SW_Muck	17	baF10Rep3
baF10Rep4	TGCAGTCCTC	Muck	Southwest	Disturbed	MuckDisturbed	MuckSouthwest	DisturbedSouthwest	MuckSouthwestDisturbed	Field10	10	Field	4	Worm	baF10Rep4	SW	SW_Muck	17	baF10Rep4
baF10Rep5	AAGTCGACAC	Muck	Southwest	Disturbed	MuckDisturbed	MuckSouthwest	DisturbedSouthwest	MuckSouthwestDisturbed	Field10	10	Field	5	Worm	baF10Rep5	SW	SW_Muck	17	baF10Rep5
baF14Rep1	TCGTCAAACC	Muck	Northwest	Degraded	MuckDegraded	MuckNorthwest	DegradedNorthwest	MuckNorthwestDegraded	Field14	14	Field	1	Worm	baF14Rep1	NW	NW_Muck	1	baF14Rep1
baF14Rep2	CCATGAAGTG	Muck	Northwest	Degraded	MuckDegraded	MuckNorthwest	DegradedNorthwest	MuckNorthwestDegraded	Field14	14	Field	2	Worm	baF14Rep2	NW	NW_Muck	1	baF14Rep2
baF14Rep3	GGAATTATCG	Muck	Northwest	Degraded	MuckDegraded	MuckNorthwest	DegradedNorthwest	MuckNorthwestDegraded	Field14	14	Field	3	Worm	baF14Rep3	NW	NW_Muck	1	baF14Rep3
baF14Rep4	TAGACACCGT	Muck	Northwest	Degraded	MuckDegraded	MuckNorthwest	DegradedNorthwest	MuckNorthwestDegraded	Field14	14	Field	4	Worm	baF14Rep4	NW	NW_Muck	1	baF14Rep4
baF14Rep5	TCCACAGGGT	Muck	Northwest	Degraded	MuckDegraded	MuckNorthwest	DegradedNorthwest	MuckNorthwestDegraded	Field14	14	Field	5	Worm	baF14Rep5	NW	NW_Muck	1	baF14Rep5
baF13Rep1	TTATGTACGG	Mineral	Northwest	Degraded	MineralDegraded	MineralNorthwest	DegradedNorthwest	MineralNorthwestDegraded	Field13	13	Field	1	Worm	baF13Rep1	NW	NW_Mineral	1	baF13Rep1
baF13Rep2	TCGGGCTCTT	Mineral	Northwest	Degraded	MineralDegraded	MineralNorthwest	DegradedNorthwest	MineralNorthwestDegraded	Field13	13	Field	2	Worm	baF13Rep2	NW	NW_Mineral	1	baF13Rep2
baF13Rep3	GCGTAGAGAG	Mineral	Northwest	Degraded	MineralDegraded	MineralNorthwest	DegradedNorthwest	MineralNorthwestDegraded	Field13	13	Field	3	Worm	baF13Rep3	NW	NW_Mineral	1	baF13Rep3
baF13Rep4	AACCAGCAGA	Mineral	Northwest	Degraded	MineralDegraded	MineralNorthwest	DegradedNorthwest	MineralNorthwestDegraded	Field13	13	Field	4	Worm	baF13Rep4	NW	NW_Mineral	1	baF13Rep4
baF13Rep5	TAATCGGTGC	Mineral	Northwest	Degraded	MineralDegraded	MineralNorthwest	DegradedNorthwest	MineralNorthwestDegraded	Field13	13	Field	5	Worm	baF13Rep5	NW	NW_Mineral	1	baF13Rep5
baF15Rep1	GTCATGCTCC	Muck	Northwest	Degraded	MuckDegraded	MuckNorthwest	DegradedNorthwest	MuckNorthwestDegraded	Field15	15	Field	1	Worm	baF15Rep1	NW	NW_Muck	16	baF15Rep1
baF15Rep2	ATCGGGCTTA	Muck	Northwest	Degraded	MuckDegraded	MuckNorthwest	DegradedNorthwest	MuckNorthwestDegraded	Field15	15	Field	2	Worm	baF15Rep2	NW	NW_Muck	16	baF15Rep2
baF15Rep3	CCTAGTAAGC	Muck	Northwest	Degraded	MuckDegraded	MuckNorthwest	DegradedNorthwest	MuckNorthwestDegraded	Field15	15	Field	3	Worm	baF15Rep3	NW	NW_Muck	16	baF15Rep3
baF15Rep4	TTACCGACGA	Muck	Northwest	Degraded	MuckDegraded	MuckNorthwest	DegradedNorthwest	MuckNorthwestDegraded	Field15	15	Field	4	Worm	baF15Rep4	NW	NW_Muck	16	baF15Rep4
baF15Rep5	TTACCTTACA	Muck	Northwest	Degraded	MuckDegraded	MuckNorthwest	DegradedNorthwest	MuckNorthwestDegraded	Field15	15	Field	5	Worm	baF15Rep5	NW	NW_Muck	16	baF15Rep5
baF4Rep1	TGAACGTTGG	Muck	East	Disturbed	MuckDisturbed	MuckEast	DisturbedEast	MuckEastDisturbed	Field4	4	Field	1	Worm	baF4Rep1	East	East_Muck	15	baF4Rep1
baF4Rep2	AGTGTGAACG	Muck	East	Disturbed	MuckDisturbed	MuckEast	DisturbedEast	MuckEastDisturbed	Field4	4	Field	2	Worm	baF4Rep2	East	East_Muck	15	baF4Rep2
baF4Rep3	ATTGCAAGCA	Muck	East	Disturbed	MuckDisturbed	MuckEast	DisturbedEast	MuckEastDisturbed	Field4	4	Field	3	Worm	baF4Rep3	East	East_Muck	15	baF4Rep3
baF4Rep4	ATCACCAGGT	Muck	East	Disturbed	MuckDisturbed	MuckEast	DisturbedEast	MuckEastDisturbed	Field4	4	Field	4	Worm	baF4Rep4	East	East_Muck	15	baF4Rep4
baF4Rep5	TTGATCCGGT	Muck	East	Disturbed	MuckDisturbed	MuckEast	DisturbedEast	MuckEastDisturbed	Field4	4	Field	5	Worm	baF4Rep5	East	East_Muck	15	baF4Rep5
baF6Rep1	GATGACCCAA	Muck	East	Disturbed	MuckDisturbed	MuckEast	DisturbedEast	MuckEastDisturbed	Field6	6	Field	1	Worm	baF6Rep1	East	East_Muck	15	baF6Rep1
baF6Rep2	CGAATACTGA	Muck	East	Disturbed	MuckDisturbed	MuckEast	DisturbedEast	MuckEastDisturbed	Field6	6	Field	2	Worm	baF6Rep2	East	East_Muck	15	baF6Rep2
baF6Rep3	TATCCTGGTT	Muck	East	Disturbed	MuckDisturbed	MuckEast	DisturbedEast	MuckEastDisturbed	Field6	6	Field	3	Worm	baF6Rep3	East	East_Muck	15	baF6Rep3
baF6Rep4	ACCGGAGTAG	Muck	East	Disturbed	MuckDisturbed	MuckEast	DisturbedEast	MuckEastDisturbed	Field6	6	Field	4	Worm	baF6Rep4	East	East_Muck	15	baF6Rep4
baF6Rep5	TAAGCTAAAC	Muck	East	Disturbed	MuckDisturbed	MuckEast	DisturbedEast	MuckEastDisturbed	Field6	6	Field	5	Worm	baF6Rep5	East	East_Muck	15	baF6Rep5
baF8Rep1	GATCGGTTAA	Mineral	Southwest	Degraded	MineralDegraded	MineralSouthwest	DegradedSouthwest	MineralSouthwestDegraded	Field8	8	Field	1	Worm	baF8Rep1	SW	SW_Mineral	17	baF8Rep1
baF8Rep2	TGACCGGCTG	Mineral	Southwest	Degraded	MineralDegraded	MineralSouthwest	DegradedSouthwest	MineralSouthwestDegraded	Field8	8	Field	2	Worm	baF8Rep2	SW	SW_Mineral	17	baF8Rep2
baF8Rep3	CAGCGACTGT	Mineral	Southwest	Degraded	MineralDegraded	MineralSouthwest	DegradedSouthwest	MineralSouthwestDegraded	Field8	8	Field	3	Worm	baF8Rep3	SW	SW_Mineral	17	baF8Rep3
baF8Rep4	AGCGACGAAG	Mineral	Southwest	Degraded	MineralDegraded	MineralSouthwest	DegradedSouthwest	MineralSouthwestDegraded	Field8	8	Field	4	Worm	baF8Rep4	SW	SW_Mineral	17	baF8Rep4
baF8Rep5	GAACACTTTG	Mineral	Southwest	Degraded	MineralDegraded	MineralSouthwest	DegradedSouthwest	MineralSouthwestDegraded	Field8	8	Field	5	Worm	baF8Rep5	SW	SW_Mineral	17	baF8Rep5
baF2Rep1	GCCCAAGTTC	Mineral	East	Disturbed	MineralDisturbed	MineralEast	DisturbedEast	MineralEastDisturbed	Field2	2	Field	1	Worm	baF2Rep1	East	East_Mineral	0	baF2Rep1
baF2Rep2	GATATACCAG	Mineral	East	Disturbed	MineralDisturbed	MineralEast	DisturbedEast	MineralEastDisturbed	Field2	2	Field	2	Worm	baF2Rep2	East	East_Mineral	0	baF2Rep2
baF2Rep3	GTAGACATGT	Mineral	East	Disturbed	MineralDisturbed	MineralEast	DisturbedEast	MineralEastDisturbed	Field2	2	Field	3	Worm	baF2Rep3	East	East_Mineral	0	baF2Rep3
baF2Rep4	TACAGTTACG	Mineral	East	Disturbed	MineralDisturbed	MineralEast	DisturbedEast	MineralEastDisturbed	Field2	2	Field	4	Worm	baF2Rep4	East	East_Mineral	0	baF2Rep4
baF2Rep5	ATCCCAGCAT	Mineral	East	Disturbed	MineralDisturbed	MineralEast	DisturbedEast	MineralEastDisturbed	Field2	2	Field	5	Worm	baF2Rep5	East	East_Mineral	0	baF2Rep5
baFCRep1	CTTCGACTTT	Control	Control	Control	Control	Control	Control	Control	Control	Control	Control	1	Control	baFCRep1	Control	Control_Control	3	baFCRep1
baFCRep2	GTCCGCAAGT	Control	Control	Control	Control	Control	Control	Control	Control	Control	Control	2	Control	baFCRep2	Control	Control_Control	3	baFCRep2
baFCRep3	ATCCGTCTGA	Control	Control	Control	Control	Control	Control	Control	Control	Control	Control	3	Control	baFCRep3	Control	Control_Control	3	baFCRep3
baFCRep4	CGTAGAGCTC	Control	Control	Control	Control	Control	Control	Control	Control	Control	Control	4	Control	baFCRep4	Control	Control_Control	3	baFCRep4
baFCRep5	CCTCTGAGAG	Control	Control	Control	Control	Control	Control	Control	Control	Control	Control	5	Control	baFCRep5	Control	Control_Control	3	baFCRep5
baG5Rep1	ACAGGGTTTG	Muck	East	Degraded	MuckDegraded	MuckEast	DegradedEast	MuckEastDegraded	Greenhouse5	5	Greenhouse	1	Worm	baG5Rep1	East	East_Muck	15	baG5Rep1
baG5Rep2	ACGAGTTTAC	Muck	East	Degraded	MuckDegraded	MuckEast	DegradedEast	MuckEastDegraded	Greenhouse5	5	Greenhouse	2	Worm	baG5Rep2	East	East_Muck	15	baG5Rep2
baG5Rep3	TGGTCAACGA	Muck	East	Degraded	MuckDegraded	MuckEast	DegradedEast	MuckEastDegraded	Greenhouse5	5	Greenhouse	3	Worm	baG5Rep3	East	East_Muck	15	baG5Rep3
baG5Rep4	AAGCCCAGCA	Muck	East	Degraded	MuckDegraded	MuckEast	DegradedEast	MuckEastDegraded	Greenhouse5	5	Greenhouse	4	Worm	baG5Rep4	East	East_Muck	15	baG5Rep4
baG5Rep5	CAAACCTATG	Muck	East	Degraded	MuckDegraded	MuckEast	DegradedEast	MuckEastDegraded	Greenhouse5	5	Greenhouse	5	Worm	baG5Rep5	East	East_Muck	15	baG5Rep5
baG10Rep1	GCAATAGGAG	Muck	Southwest	Disturbed	MuckDisturbed	MuckSouthwest	DisturbedSouthwest	MuckSouthwestDisturbed	Greenhouse10	10	Greenhouse	1	Worm	baG10Rep1	SW	SW_Muck	17	baG10Rep1
baG10Rep2	GCGCTTAGAA	Muck	Southwest	Disturbed	MuckDisturbed	MuckSouthwest	DisturbedSouthwest	MuckSouthwestDisturbed	Greenhouse10	10	Greenhouse	2	Worm	baG10Rep2	SW	SW_Muck	17	baG10Rep2
baG10Rep3	AGGTGTATCA	Muck	Southwest	Disturbed	MuckDisturbed	MuckSouthwest	DisturbedSouthwest	MuckSouthwestDisturbed	Greenhouse10	10	Greenhouse	3	Worm	baG10Rep3	SW	SW_Muck	17	baG10Rep3
baG10Rep4	CATAGGCCAT	Muck	Southwest	Disturbed	MuckDisturbed	MuckSouthwest	DisturbedSouthwest	MuckSouthwestDisturbed	Greenhouse10	10	Greenhouse	4	Worm	baG10Rep4	SW	SW_Muck	17	baG10Rep4
baG10Rep5	CGACACGGAG	Muck	Southwest	Disturbed	MuckDisturbed	MuckSouthwest	DisturbedSouthwest	MuckSouthwestDisturbed	Greenhouse10	10	Greenhouse	5	Worm	baG10Rep5	SW	SW_Muck	17	baG10Rep5
baG14Rep1	GAACAGCTCT	Muck	Northwest	Degraded	MuckDegraded	MuckNorthwest	DegradedNorthwest	MuckNorthwestDegraded	Greenhouse14	14	Greenhouse	1	Worm	baG14Rep1	NW	NW_Muck	1	baG14Rep1
baG14Rep2	GCCAATCCAA	Muck	Northwest	Degraded	MuckDegraded	MuckNorthwest	DegradedNorthwest	MuckNorthwestDegraded	Greenhouse14	14	Greenhouse	2	Worm	baG14Rep2	NW	NW_Muck	1	baG14Rep2
baG14Rep3	CCTTCAATGG	Muck	Northwest	Degraded	MuckDegraded	MuckNorthwest	DegradedNorthwest	MuckNorthwestDegraded	Greenhouse14	14	Greenhouse	3	Worm	baG14Rep3	NW	NW_Muck	1	baG14Rep3
baG14Rep4	CTGGAACATT	Muck	Northwest	Degraded	MuckDegraded	MuckNorthwest	DegradedNorthwest	MuckNorthwestDegraded	Greenhouse14	14	Greenhouse	4	Worm	baG14Rep4	NW	NW_Muck	1	baG14Rep4
baG14Rep5	TGGTCGCATC	Muck	Northwest	Degraded	MuckDegraded	MuckNorthwest	DegradedNorthwest	MuckNorthwestDegraded	Greenhouse14	14	Greenhouse	5	Worm	baG14Rep5	NW	NW_Muck	1	baG14Rep5
baG13Rep1	TTAAGCGCCT	Mineral	Northwest	Degraded	MineralDegraded	MineralNorthwest	DegradedNorthwest	MineralNorthwestDegraded	Greenhouse13	13	Greenhouse	1	Worm	baG13Rep1	NW	NW_Mineral	1	baG13Rep1
baG13Rep2	CGCGCCTTAA	Mineral	Northwest	Degraded	MineralDegraded	MineralNorthwest	DegradedNorthwest	MineralNorthwestDegraded	Greenhouse13	13	Greenhouse	2	Worm	baG13Rep2	NW	NW_Mineral	1	baG13Rep2
baG13Rep3	TCAACCCGTG	Mineral	Northwest	Degraded	MineralDegraded	MineralNorthwest	DegradedNorthwest	MineralNorthwestDegraded	Greenhouse13	13	Greenhouse	3	Worm	baG13Rep3	NW	NW_Mineral	1	baG13Rep3
baG13Rep4	TCCGCGCAAG	Mineral	Northwest	Degraded	MineralDegraded	MineralNorthwest	DegradedNorthwest	MineralNorthwestDegraded	Greenhouse13	13	Greenhouse	4	Worm	baG13Rep4	NW	NW_Mineral	1	baG13Rep4
baG13Rep5	GTTTGAAACA	Mineral	Northwest	Degraded	MineralDegraded	MineralNorthwest	DegradedNorthwest	MineralNorthwestDegraded	Greenhouse13	13	Greenhouse	5	Worm	baG13Rep5	NW	NW_Mineral	1	baG13Rep5
baG15Rep1	TGCGTCAGCT	Muck	Northwest	Degraded	MuckDegraded	MuckNorthwest	DegradedNorthwest	MuckNorthwestDegraded	Greenhouse15	15	Greenhouse	1	Worm	baG15Rep1	NW	NW_Muck	16	baG15Rep1
baG15Rep2	TGTAAGACTT	Muck	Northwest	Degraded	MuckDegraded	MuckNorthwest	DegradedNorthwest	MuckNorthwestDegraded	Greenhouse15	15	Greenhouse	2	Worm	baG15Rep2	NW	NW_Muck	16	baG15Rep2
baG15Rep3	CGAAATGCAT	Muck	Northwest	Degraded	MuckDegraded	MuckNorthwest	DegradedNorthwest	MuckNorthwestDegraded	Greenhouse15	15	Greenhouse	3	Worm	baG15Rep3	NW	NW_Muck	16	baG15Rep3
baG15Rep4	ATGATCGGTA	Muck	Northwest	Degraded	MuckDegraded	MuckNorthwest	DegradedNorthwest	MuckNorthwestDegraded	Greenhouse15	15	Greenhouse	4	Worm	baG15Rep4	NW	NW_Muck	16	baG15Rep4
baG15Rep5	TTACCCGCAC	Muck	Northwest	Degraded	MuckDegraded	MuckNorthwest	DegradedNorthwest	MuckNorthwestDegraded	Greenhouse15	15	Greenhouse	5	Worm	baG15Rep5	NW	NW_Muck	16	baG15Rep5
baG4Rep1	AATGCAATGC	Muck	East	Disturbed	MuckDisturbed	MuckEast	DisturbedEast	MuckEastDisturbed	Greenhouse4	4	Greenhouse	1	Worm	baG4Rep1	East	East_Muck	15	baG4Rep1
baG4Rep2	GACCGATAGG	Muck	East	Disturbed	MuckDisturbed	MuckEast	DisturbedEast	MuckEastDisturbed	Greenhouse4	4	Greenhouse	2	Worm	baG4Rep2	East	East_Muck	15	baG4Rep2
baG4Rep3	GGACTATCGT	Muck	East	Disturbed	MuckDisturbed	MuckEast	DisturbedEast	MuckEastDisturbed	Greenhouse4	4	Greenhouse	3	Worm	baG4Rep3	East	East_Muck	15	baG4Rep3
baG4Rep4	CAACGCTAGA	Muck	East	Disturbed	MuckDisturbed	MuckEast	DisturbedEast	MuckEastDisturbed	Greenhouse4	4	Greenhouse	4	Worm	baG4Rep4	East	East_Muck	15	baG4Rep4
baG4Rep5	GCTATATCCA	Muck	East	Disturbed	MuckDisturbed	MuckEast	DisturbedEast	MuckEastDisturbed	Greenhouse4	4	Greenhouse	5	Worm	baG4Rep5	East	East_Muck	15	baG4Rep5
baG6Rep1	TCGGATCTGT	Muck	East	Disturbed	MuckDisturbed	MuckEast	DisturbedEast	MuckEastDisturbed	Greenhouse6	6	Greenhouse	1	Worm	baG6Rep1	East	East_Muck	15	baG6Rep1
baG6Rep2	GCCGGTACTC	Muck	East	Disturbed	MuckDisturbed	MuckEast	DisturbedEast	MuckEastDisturbed	Greenhouse6	6	Greenhouse	2	Worm	baG6Rep2	East	East_Muck	15	baG6Rep2
baG6Rep3	AGAATAGCGC	Muck	East	Disturbed	MuckDisturbed	MuckEast	DisturbedEast	MuckEastDisturbed	Greenhouse6	6	Greenhouse	3	Worm	baG6Rep3	East	East_Muck	15	baG6Rep3
baG6Rep4	GGTGGCATGG	Muck	East	Disturbed	MuckDisturbed	MuckEast	DisturbedEast	MuckEastDisturbed	Greenhouse6	6	Greenhouse	4	Worm	baG6Rep4	East	East_Muck	15	baG6Rep4
baG6Rep5	AGAGACGCGT	Muck	East	Disturbed	MuckDisturbed	MuckEast	DisturbedEast	MuckEastDisturbed	Greenhouse6	6	Greenhouse	5	Worm	baG6Rep5	East	East_Muck	15	baG6Rep5
baG8Rep1	CGATCTTCGA	Mineral	Southwest	Degraded	MineralDegraded	MineralSouthwest	DegradedSouthwest	MineralSouthwestDegraded	Greenhouse8	8	Greenhouse	1	Worm	baG8Rep1	SW	SW_Mineral	17	baG8Rep1
baG8Rep2	CGATATCAGT	Mineral	Southwest	Degraded	MineralDegraded	MineralSouthwest	DegradedSouthwest	MineralSouthwestDegraded	Greenhouse8	8	Greenhouse	2	Worm	baG8Rep2	SW	SW_Mineral	17	baG8Rep2
baG8Rep3	CAACAATGCC	Mineral	Southwest	Degraded	MineralDegraded	MineralSouthwest	DegradedSouthwest	MineralSouthwestDegraded	Greenhouse8	8	Greenhouse	3	Worm	baG8Rep3	SW	SW_Mineral	17	baG8Rep3
baG8Rep4	GCCCGACATA	Mineral	Southwest	Degraded	MineralDegraded	MineralSouthwest	DegradedSouthwest	MineralSouthwestDegraded	Greenhouse8	8	Greenhouse	4	Worm	baG8Rep4	SW	SW_Mineral	17	baG8Rep4
baG8Rep5	AGTATTCGCG	Mineral	Southwest	Degraded	MineralDegraded	MineralSouthwest	DegradedSouthwest	MineralSouthwestDegraded	Greenhouse8	8	Greenhouse	5	Worm	baG8Rep5	SW	SW_Mineral	17	baG8Rep5
baG2Rep1	GGTACCTGCA	Mineral	East	Disturbed	MineralDisturbed	MineralEast	DisturbedEast	MineralEastDisturbed	Greenhouse2	2	Greenhouse	1	Worm	baG2Rep1	East	East_Mineral	0	baG2Rep1
baG2Rep2	GTCTGACGGT	Mineral	East	Disturbed	MineralDisturbed	MineralEast	DisturbedEast	MineralEastDisturbed	Greenhouse2	2	Greenhouse	2	Worm	baG2Rep2	East	East_Mineral	0	baG2Rep2
baG2Rep3	GTCGAATTTG	Mineral	East	Disturbed	MineralDisturbed	MineralEast	DisturbedEast	MineralEastDisturbed	Greenhouse2	2	Greenhouse	3	Worm	baG2Rep3	East	East_Mineral	0	baG2Rep3
baG2Rep4	GAAACCAAGC	Mineral	East	Disturbed	MineralDisturbed	MineralEast	DisturbedEast	MineralEastDisturbed	Greenhouse2	2	Greenhouse	4	Worm	baG2Rep4	East	East_Mineral	0	baG2Rep4
baG2Rep5	TAACCCGATA	Mineral	East	Disturbed	MineralDisturbed	MineralEast	DisturbedEast	MineralEastDisturbed	Greenhouse2	2	Greenhouse	5	Worm	baG2Rep5	East	East_Mineral	0	baG2Rep5
baGCRep1	ATCTCGCTGG	Control	Control	Control	Control	Control	Control	Control	Control	Control	Control	1	Control	baGCRep1	Control	Control_Control	3	baGCRep1
baGCRep2	GCGCGTGTAT	Control	Control	Control	Control	Control	Control	Control	Control	Control	Control	2	Control	baGCRep2	Control	Control_Control	3	baGCRep2
baGCRep3	AACGCGAAAT	Control	Control	Control	Control	Control	Control	Control	Control	Control	Control	3	Control	baGCRep3	Control	Control_Control	3	baGCRep3
baGCRep4	CCAGCTGGAC	Control	Control	Control	Control	Control	Control	Control	Control	Control	Control	4	Control	baGCRep4	Control	Control_Control	3	baGCRep4
baGCRep5	CTGCAGTAAG	Control	Control	Control	Control	Control	Control	Control	Control	Control	Control	5	Control	baGCRep5	Control	Control_Control	3	baGCRep5
